aircraft_id,pure_reg
13505,n970rg
15737,2shot
13506,n829dl
15738,9hxoa
13508,n350vj
15739,cfftr
13509,n535xj
13511,n704da
15741,cffbe
13513,n412ab
15743,cfjic
13515,ohmip
15744,c6eac
13516,n6878c
15745,n101pk
13518,n596hp
15746,oksts
13520,n432rj
15751,ohwiw
15756,n925af
13521,n290mx
15758,n253xs
13522,n202ff
15759,ylare
13523,n335wh
15764,n2g
13524,n14rd
15766,lzegt
13526,oyjjj
15767,n100gx
13527,gcdzt
15768,n946wt
13528,n445md
15777,daaax
13529,oegaf
15779,spomi
13533,n881tw
15786,n289rt
13534,n551cb
15787,n612fa
13535,n316gv
15791,n27fj
13536,n129tp
15792,n421fc
13539,n999lr
15793,n87sn
13543,n209rw
15794,n928k
13544,n116da
15802,giply
13545,n702lv
15803,n501ll
13548,n62gx
15805,n800sd
13549,n4615c
13550,n702rw
15810,spaga
13551,tcsto
15812,n533xj
13553,n350hh
15813,n132je
13554,n651cc
15818,diolb
13562,n859jc
13563,tcrmk
15822,n80ak
13566,eclzs
15823,n60gf
13568,spmbw
15824,n82ng
15825,n285xp
13569,n865pc
15826,n718hc
13572,n415b
15827,n296l
13573,n317mp
15828,diohl
13574,ecngx
15830,n777jz
13575,n804tb
15831,n917fh
13577,n525re
15833,n396bc
13578,n514tb
15840,n367da
13579,n717xj
15842,n351aj
13580,n551ra
15844,n917ea
13582,n399lf
15846,n34sj
13585,cgofs
15849,n968sr
13586,n495dd
15850,n215rb
15852,vhrdi
13588,n776rb
15853,pkeli
13592,9hvig
15854,n605ce
13594,9hvcp
15855,n835cb
13597,9howl
15856,diaar
13603,cgnrc
15857,n786sc
13609,n641at
15859,n88ch
13614,n707hd
15860,n90km
13615,n9943p
15865,n9103j
13619,danxa
15866,n804jm
13620,lvbou
15867,dbekp
13621,n288hl
15869,n388ft
13622,n395am
15870,n204cf
13623,n516db
15873,n200lc
13624,tcmfy
15874,n843gs
13625,xapms
15875,n871cb
13627,n207jb
15876,n803sd
13628,daeom
15879,sxixl
13629,n364ae
15881,difas
13631,n7799t
15882,n301se
13633,n513ub
15883,n733fl
13634,xahel
15886,gulfx
13639,n650tp
15888,n928jk
13641,dikbo
15892,n412ts
13642,n826lj
15893,n68up
13648,n333mv
15895,n795mm
13649,n889mr
15897,n395aa
13652,n724jj
15898,n575rd
13655,n22vk
15899,n479ma
13656,csreu
15900,n910df
13657,dcjms
15903,oegpp
13658,n70hw
15907,n623km
13660,xapso
15909,s5bbg
13662,n792mp
15910,b8256
13663,n475dh
15912,b7795
13666,n2615q
15913,b3370
13668,lnkyv
15916,hslee
13674,n615am
13676,n611az
15919,pkrjp
13677,sptop
15924,t7280
13680,n969re
15925,t7lkt
15926,t7ybh
13681,phuzi
15928,vhpfl
13685,n551xj
15929,vhpfv
13686,n308je
15930,vhpfw
15934,pkidr
13693,n177ta
15936,ja525m
13694,n61wf
15937,ja10mz
15943,b3999
13702,n650at
15944,b8279
13704,disun
15948,b3098
13705,n603gr
15951,b5999
13706,n1111g
15957,b8295
13707,n127za
15962,b91688
13708,lvjjq
15963,b98888
13709,n399nc
15965,b8306
13712,dafai
15966,b8301
15979,b91a8
13713,dcfhz
15980,b7767
13714,dcehm
15982,b651h
13716,cghbs
15983,b7697
15984,b7696
13723,n525ky
15990,b3373
13724,hayfk
15992,vna268
15995,9mtan
13728,fhbza
16000,b3006
13731,diaay
16001,b3008
13732,dcdim
16002,b8263
16003,b8125
13736,n550ew
16007,b10eh
16009,n585d
13739,fhfcn
16014,n2397t
16015,9hvone
13740,n78ze
16017,t7skl
13741,n168sw
16018,a7cgl
16019,a7cgq
13743,n176sm
16020,a6cjb
13744,n125dj
16021,a7cef
16022,a7cev
13746,n26fa
16023,a7cgn
16024,a7cgh
13749,n479st
16025,a7cgu
13750,n939he
16026,a7med
16027,a7cgm
16028,a7cgi
13754,gjaga
16029,a7hhj
13755,n560wl
16030,a7cgo
16031,a7cgj
13759,n591ss
16032,a7cha
13760,semju
16033,a7chb
13762,n83sd
16034,a7chc
16035,a7chd
16036,ifded
13763,n595ba
16037,gnicb
13765,spmsi
16038,gpoya
16039,gmdsi
13767,n401bc
16040,fhesr
13768,n417sk
16041,fhdsj
13769,n680dj
16042,oeghb
13771,gnocm
16043,oegrm
13772,n782xj
16044,omgle
16045,itoph
13776,dcoke
16046,itopf
16047,ijset
13777,n793xj
16048,oeiis
16049,zsnex
13778,n220ra
16050,hajev
13779,n266aj
16051,hafit
16052,hajef
16053,hajex
13782,cgupp
16054,hajeo
13783,9hvie
16055,hascs
16056,hascu
13784,cfncg
16057,hasct
16058,n818ca
13785,a7cga
16059,xafdm
16060,n154ca
13789,9hrmd
16061,n112af
16062,n916af
13790,2nite
16063,n954af
13791,2trvl
16064,n923af
16065,n955af
16066,phunc
13793,oegdf
16067,n103jt
16068,n101jt
13794,tcshe
16069,n511ct
16070,9hmrq
13795,lvirq
16071,ejkgrp
13803,ooaie
16072,sxapi
16073,sxint
13806,n727kb
16074,sxmts
16075,n352pm
13807,n808cf
16076,n89tb
13808,n63dz
16077,n135aj
13811,n650sg
16078,n312lg
13816,lxand
16079,n565cg
13817,n807la
16080,n278mc
13818,n624br
16081,n102lj
13819,n57fl
16082,n252vr
16083,n850ec
13821,n219jl
16084,n564ca
16085,tcklc
13822,dcang
16086,tckam
13823,zslac
16087,tcfrk
16088,tcddd
13824,n1850x
16089,c6zip
16090,c6tia
13825,n4488l
16091,c6air
13829,n586ga
16092,c6rov
16093,c6sun
13838,dchms
16094,vhuyx
16095,cgchg
13840,n404wc
16096,okglx
16097,okway
13841,n209fb
16098,okecr
13842,n317pc
16099,oelva
16100,tcvtn
13845,n500mw
16101,csdog
16102,oefrj
13846,hbvvu
16103,oegmj
13847,n950mj
16104,n889hh
13849,oehwm
16105,n29zr
13851,lxtro
16106,lybgh
16107,lybgd
13856,csvlz
16108,n400cn
13858,lvhat
16109,n228mh
13865,n119bg
16110,omfts
13866,n646tx
16111,n242bz
16112,n108cj
16113,n362ea
13868,serlt
16114,hk5186
13873,okpcf
16115,hk5355
16116,xaaan
13874,n15rk
16117,n661jm
16118,n1089
13877,n850sg
16119,dflyw
13880,n131je
16120,dbonn
13883,oorok
16121,oehpc
13884,n772cs
16122,oeirp
16123,n106ff
13889,disjp
16124,n454ng
16125,n304lh
13892,n880pl
16126,vhvsz
16127,vhccd
13893,n537em
16128,hbfxg
13894,n54cm
16129,zsatm
16130,zsdip
13896,n61rj
16131,dciao
16132,n441al
13898,yupdd
16133,dilia
16134,cgunp
13902,n734db
16135,zseka
16136,n512db
13903,gomtx
16137,vhpni
16138,tcdzm
13904,n308gv
16139,9hpik
16140,lvhwa
13905,n331gv
16141,n188fj
16142,t7bda
13907,guxla
16143,xakvd
16144,n933ml
13910,n330gv
16145,n607kt
16146,n200wp
13911,n680mb
16147,5nspl
16148,t7jat
13912,lxevm
16149,n7250t
13913,n905lc
16150,n970sd
16151,ohkyc
16152,n141tc
13914,n650ra
16153,n818sf
13915,n369ll
16154,9hmaf
16155,n923lj
16156,n126dr
13916,n377pl
16157,lzbvd
16158,n38mc
13917,n345km
16159,zsdca
13918,fhtsb
16160,zsken
16161,zssmf
13924,n54dd
16162,4xcll
13925,n560cl
16163,n512me
13926,gfomo
16164,n67we
16165,ob2108p
13927,n5346m
16166,n600sj
16167,n825uw
13930,cgcgu
16168,cgcgt
13931,yrtar
16169,cfami
16170,ylics
13936,ra10208
16171,vhlal
16172,n9442c
13937,sekvl
16173,n300rx
13946,okbii
16174,n481mm
13948,n503ab
16175,n258eb
16176,n137fl
13950,dipvd
16177,xagrm
13951,n730ra
16178,n621gz
16179,n713wt
16180,hk5233
13952,n525cr
16181,tcsgo
13953,n680pc
16182,fhltt
13955,vhzlt
16183,n962mb
13956,n419ma
13957,n757xj
13958,n850ra
13959,n500ly
13960,n604sg
13962,n622km
13964,9hamf
13967,a7cgc
13968,9hliv
13971,9h777mf
13972,9hjad
13975,n63jk
13976,n81gj
13978,n104r
13979,n188th
13980,n724tr
13982,n202ee
13983,n296cx
13984,lykdt
13988,n232bg
13990,eckrn
13991,fhctv
13992,n608mm
13993,n90fx
13994,n923jr
13995,sugci
13996,zsoka
13998,n577cf
14005,fhmed
14006,daneo
14008,n502rz
14010,n539xj
14011,n306je
14015,lxnst
14016,n811td
14018,n116hl
14019,zstsw
14020,oeeph
14021,dboss
14024,fhget
14025,n178wf
14026,n874eb
14029,n1955j
14030,n144pa
14034,n83ha
14037,n335f
14042,dcjbh
14045,essls
14046,n801pb
14047,n442cj
14048,n380cr
14051,n376kc
14052,dcent
14053,n177bb
14054,n297ap
14055,n284j
14056,n89bc
14057,n827sm
14058,n508ck
14063,dcger
14065,n58bl
14068,cgjka
14069,cgqcc
14070,n97ej
14071,n710vm
14072,n1932k
14073,n650sf
14076,lvkax
14078,lvjun
14079,vhotk
14083,n880p
14084,n187cr
14086,lxzio
14087,oeixi
14088,n50xy
14090,dfalc
14091,n96jt
14092,n501hm
14093,n140h
14095,vtvrs
14097,n725tr
14098,n451kr
14099,n786tt
14101,n618pj
14102,n942fk
14103,n2020
14106,gemlg
14107,cp2790
14111,csdvz
14112,n533cm
14115,n368hs
14117,n395wj
14118,n604ch
14120,n751xj
14122,n511dp
14123,n848c
14125,n900hg
14130,9hflyin
14136,n106ck
14138,n903pj
14139,n220f
14140,fhfrf
14141,dimha
14142,gusha
14143,n31gj
14144,hk4603
14146,n104rj
14148,n319gg
14150,gkgkg
14153,fhgcp
14154,n26sm
14160,n501jg
14161,n725bd
14162,serlu
14164,n378db
14165,n39qj
14166,gsovb
14168,fhicu
14170,n702ss
14172,hi1052
14173,n30mz
14175,n358vj
14176,n534xj
14177,n557xj
14179,n83wg
14180,n359vj
14182,n301wm
14184,lnawc
14185,n212rg
14186,n646la
14187,n809td
14190,n393je
14191,n88nd
14192,n239jt
10769,n111wh
10772,dagjp
10773,n301rd
10774,n228ss
10775,sedjl
14200,n401je
10776,n736xj
10777,dilhd
14203,n211ec
10781,n575ar
14208,n711ec
10783,9hvjs
14209,n858my
10787,9hamy
14213,n8821c
10788,n196x
14214,okrpm
10790,tcrsa
14217,n119fm
10792,n507dj
14220,dafao
10795,n122as
14223,n747ca
10796,n330gw
14227,gsovh
10797,oehaa
14229,dafau
10798,lxjlk
14230,n445n
10802,glegc
14232,tctit
10803,n7402
14237,n400sc
10806,n815rb
14238,n745js
10807,dbhlm
14239,sxgod
10808,fgxae
14245,n7sb
14246,n134fm
10809,n104vp
14251,n179er
10810,n500rh
14252,n38jv
10811,n93fx
14253,fhgim
10813,n777dc
14258,n212ja
10816,n954jj
14261,gkvip
10819,n337gj
14263,speak
10823,n719sj
14264,n129tk
10824,n214wt
14265,n247fr
10826,n287cd
10828,lxdio
10830,n199tt
10832,n103gr
10833,fhuas
10834,n797vs
10836,dibec
10837,n112fj
10840,lxjnc
10845,n250nc
10850,n524lr
10851,n681zl
10853,n334je
10854,n343je
10857,xamls
10858,n909mv
10860,servz
10863,n358ja
10866,n776cj
10867,n562jl
10872,n550ml
10873,cgmsy
10874,n698rs
10876,n886dl
10877,n896cg
10882,n133vs
10883,n707jq
10884,n783fs
10885,n890bb
10887,n619gv
10891,n819sa
10892,n2up
10896,vhand
10899,n747jj
10900,n758sp
10903,lvjqv
10907,halua
10908,xaicy
10910,fhemi
10911,n631ad
10913,n1220w
10914,n548kk
10918,n383jp
10920,n390sb
10922,n562ld
10923,cgnrs
10924,n1952r
10925,cgvjt
10926,n712ab
10928,n509ab
10931,fhipe
10933,n4757b
10934,gwlkr
10935,n702dr
10938,globx
10942,n787ad
10945,n169dr
10948,eilsy
10949,n87cf
10950,n395av
10953,n553cb
10954,oygsa
10955,n102je
10958,n927jc
10959,n145mw
10960,n97159
10963,9hvcg
14267,gzvip
10964,9hvcm
14270,n610cr
10965,9hvcs
14271,okdsy
10967,9hvcj
14273,n900te
10968,9hjsb
14277,n889cg
10969,cfjgg
14279,n191n
10971,cgbbb
10972,9hrfap
14280,ejreva
10976,dangb
14281,n504fm
10977,n245tx
14282,n838gd
10980,n959cr
14284,n239jv
10983,prbio
14285,9hvca
10985,dbahb
14286,9hjce
10988,n253jx
10989,n320gx
14288,cfdsh
10990,n78vh
14290,a7cgd
10992,n219pc
14291,9hxob
10993,n421aj
14292,cfstx
10994,n85hh
14294,cfxgo
10995,n927mm
14295,cfxde
10996,n980j
14298,cgvfx
10997,oeiaa
14303,n511jl
10999,n188sa
14304,fhrca
11001,n722nk
14311,didba
11004,okgtx
14312,n26he
11006,n538xj
14315,csrrc
11007,n415je
14316,hbjwx
11010,n717jj
14319,dicmd
11012,n910jw
14320,hbfwp
11013,n85lx
14321,izack
11016,n99kw
14322,n480es
11017,gisje
14323,n881fs
11018,n157tw
14324,oegsx
11019,n604pv
14325,omtaa
11022,n4da
14326,vhnjr
14329,n912dp
11025,n888lj
14335,n560ls
11026,n906mm
14337,n682rv
11028,dcvms
14339,datmj
11029,n127vl
14340,n328rs
11033,n728ph
14343,spmed
11034,n946mm
14344,n715n
11035,n351vj
14345,n503vj
11036,n708q
14348,n1d
11038,n515lg
14357,n651fx
14358,upem018
11039,n977mr
14360,n508dj
11040,n986jc
14361,n456ja
14365,hk4756
11041,serfl
14366,n15y
11043,n30gt
14368,gzntj
11044,n989st
14370,n560pa
11048,n153lg
14372,n420xe
11055,n173ny
14374,n939aj
11062,n162jc
14375,gghsv
11065,n1625
14379,n963ad
11066,n388gc
14380,n982mm
11068,n800gn
14381,n518kb
11069,n80vm
14382,n805cw
11073,n11526
14386,spkln
11079,n563tm
14391,n93am
11080,n593gg
14392,n510kz
11081,n613gg
14394,n300cq
11082,dclik
14395,n205ms
11084,fhpil
14398,n441bw
11088,n339ta
14399,n711tq
11089,n861ma
14402,n450wg
11092,cgwww
14404,n787bn
11093,cgfgc
14405,n900mt
12078,dcjmk
11094,n878cs
14406,n522bn
11095,oktkj
14409,ggccm
11099,daher
12079,fgunn
14414,phiws
11105,serhj
12080,hbfvd
14418,tcspl
11107,n960as
12081,imlpa
14421,dilui
11108,cghju
12082,n847tx
14429,n623ms
11109,n150mb
12083,zsajd
14430,sxbmk
12087,n822vp
11110,n3975a
14431,n858ee
12088,n375jp
11111,n501eb
12089,gcwcd
14432,n50nm
11112,n707we
12091,n221vp
14433,n810be
12095,n150lr
11113,n495wg
14435,n437mc
12096,n256cp
14437,glzri
12098,n23gm
11114,n305tt
14438,n70nj
12101,ohsss
11115,n601cn
12104,n546xj
14441,n551sw
12105,n888za
11117,n40mf
14442,n926pn
12112,n971sc
11118,fhjsl
12113,dicba
14443,n926tt
11122,n318th
14444,n136pa
12120,n31gv
14445,n1440z
12121,yufvj
11124,n24fj
14449,n807dd
12122,yutuu
11125,n352px
14451,n104tq
12126,n703md
11126,n44ka
14452,n829sa
12128,n918jl
11130,n202kr
14454,eclcx
12134,dcemo
11131,n117hh
14457,lyhcw
11132,n193jc
14459,n998g
11133,n257pl
12142,diwps
14460,spvdh
11134,n452m
12143,n300je
14461,n963rs
11135,n157mw
12144,n91qk
14466,n499av
11141,9htop
11142,9hvista
12145,gsugr
14468,n1848s
11143,9ajip
11149,tcghp
12149,n500xp
14470,n18rc
11155,n406tx
14472,n735xj
12153,oegzk
11156,n502gm
14479,tcfnh
12158,n807lp
11157,n470md
14480,vhixt
12159,n939cf
14482,n160gg
11160,goliv
12162,cgvim
11161,n562vp
14483,n117kb
11162,n716ww
12163,n444ad
14484,n395bc
11163,n560mu
12164,grexa
11167,echgi
14486,n878sl
12167,n270sc
11168,n302je
14488,9hvce
12168,n116tt
11169,n814sp
14489,9hjpc
12169,n310sa
11171,n528cl
14491,9hjlk
12171,cgdpi
11172,phsfh
14492,9hnate
11179,n1000e
11180,n401js
12173,n277rs
14494,9hvcn
11183,n511db
12174,n560bl
11184,lnsun
14499,cfxdb
12179,n405cb
11190,cgbkb
14503,n300rc
12183,n46ck
11191,n141je
12184,ecisq
14508,n824pm
11192,cgnrd
12185,n904lr
14509,okjre
11193,n529gb
12187,n648cr
14510,lvgqn
14511,n450kv
12188,n975lv
14512,n35ea
11194,n982ce
12189,n474me
11198,dball
14515,n644sd
14516,n499gs
12192,n245dj
11199,n522ac
14517,n96ga
11200,n615nr
12199,n690tx
14518,n909mm
12201,cggib
14519,n2926e
11201,n899ee
12202,cgymc
14521,lxfda
11202,susmd
14522,hbjrq
12204,n208bh
11203,xazps
14523,oyviz
12205,n276bg
11206,dcmxm
14524,n400sf
12207,n245pe
11207,hbjgf
14526,n607sb
12208,fhaha
11208,n746pc
14527,n244jx
12209,fhalg
14528,n6br
11210,gcmbc
12212,n550gp
14529,oefux
11215,n703cd
12213,n944gl
14530,t7och
11216,disir
12215,n4142r
14531,yupee
11218,n500vj
12216,fhreg
14537,csdey
11219,n800ma
12217,n725xl
14540,n430s
11220,n670cp
12218,n65lj
14541,xauuq
11223,n60hj
12220,n613bd
14543,n773rb
11224,n128aj
12221,n50yt
14544,n311gs
11225,n555wz
12222,n801sf
14545,n448cj
11226,n168gs
12223,n53ka
14546,phghz
11228,cgvea
12226,n953pc
14548,n541xj
11230,diwir
12231,n728mg
14550,n44wg
11237,iavnd
12232,n279sh
14556,n300ee
11240,n626je
12234,n801hh
14557,fhimc
11241,n378sf
12239,9hcch
14558,n247ej
11243,n707vm
12240,9hmas
14559,n913cf
11245,diaas
14560,tcalg
12241,9adwa
11248,n4tl
14563,darie
12242,cfnbm
14566,phdwc
11250,fhjav
12243,cfjcb
14572,n450bg
11260,n606wj
12247,okxls
14574,n777zl
11261,n467fl
14576,hbfuu
11263,cgwpb
14578,n257bw
12248,xamha
11264,n90jn
12250,prjjm
14580,n494tg
11269,n393pj
12253,n743lg
14581,n938rd
11275,n847a
14582,cgtpj
12254,spzsz
11276,okhar
14583,n883ld
12255,n631js
11277,okgrx
14585,dcfrt
12257,oegch
14586,n33610
11279,sermb
12259,dicab
14589,n748np
12266,n636sy
14592,hbjlc
11282,n560ta
12269,gspcy
14594,n620ma
11283,n404bc
14595,n850fb
12271,dadcl
14597,n9ww
11286,n642ww
14598,n610gg
12272,fhega
14600,xaijc
11287,n686tx
12273,n222nb
14602,n936ea
11288,n143cg
12274,n477sc
14606,ohjem
11289,gulfm
14608,n167sc
12275,n7bd
11290,ditan
14609,n302gv
12277,oegie
11291,n483ra
14610,n115lr
12278,n290ch
11294,n364sm
14612,n800ea
12279,n2725n
11296,oyspa
14613,n35gr
12280,n440wp
14614,n643ea
11298,n8yu
12283,n292p
14617,n242gm
11301,n889ms
12284,n144pk
14618,n720ee
11303,serma
14619,phndk
12285,n900xg
11304,cfpcp
14622,n88jj
12290,semof
11306,cfpnx
14623,n560mc
12292,hbjrj
11308,a7cgb
14624,n17fa
12294,vhoin
11309,9hmpw
14628,n227mc
12296,oeigl
11310,9hrba
14630,n44gj
12297,n203ss
11313,cfiov
14632,n788sc
12298,n654pd
11315,4xcuz
14633,n192rw
12299,ohrjd
11317,9hssg
14634,dimoi
12300,tcmzh
11319,okslx
14635,n561sr
14636,n917jg
12301,pkrss
14639,n561st
11320,n837js
12303,n137jt
14643,oefix
11321,n91gj
12304,n26xp
14645,n915sf
11325,tcmka
12305,xalbo
14649,spdrk
11329,digst
12306,n999aa
14652,n155tm
14653,n204ca
11330,n550tn
12311,n868wu
14654,n958bx
11334,n246sd
12314,n6798v
14655,fhgpe
11338,n561ce
12315,n417hs
14659,n264rv
14660,n6fj
11339,n650fx
12317,n489vr
14661,n123hk
11343,n463sd
14662,n558ra
11344,n226mp
14663,n813fm
12318,dchdj
14664,n401sy
11345,n79cj
12324,n651cg
14665,n46mw
11346,n999pr
12325,n308mr
14666,n43xt
11347,n55pj
12326,n362je
14668,n760xj
11348,n265av
14676,cfvcc
12330,n700je
11349,hi1060
14677,2embr
12332,n560dr
14678,4kjj8
14681,9ajsd
12335,n458sf
11350,lxdcc
14682,9hans
12338,ohfay
14683,cfcag
11351,n545xj
14684,cfgcv
12340,n721hm
11353,ecnra
14685,9haoa
12341,n662jm
14689,9hirl
11354,oeltf
12342,xavgl
14690,9hfcm
14691,9hclg
11356,eckbc
14692,n225gt
12345,n800xm
14696,n145pj
11361,n151sb
12349,n912gw
14697,n312db
11362,n531jd
14698,n800wt
12351,diaab
11363,n610ep
12352,n259ca
14699,n42592
12353,n311vu
14700,n164ra
11367,tcctn
14702,hk5068
12355,n60lv
14705,n615kj
11369,n214tg
12357,n650pw
14706,n631vr
11371,n680rh
14707,lxyes
12361,n888rk
11372,hk4758
14710,n155cg
14711,oehub
12362,n787ch
11378,n910tx
14712,oyjru
12363,n588sg
14713,vhxnu
11380,n224ld
12364,n84pc
11381,n604bc
14714,n322fj
12365,n8288r
14716,n214ld
11382,n552xj
14718,n454tx
12369,n555dt
11383,n302pe
14719,n428ks
14722,n770xj
12370,n302lt
14727,lyjms
11384,n220pf
14728,lybgs
12372,n39tt
11387,n352xr
12375,n868cb
14732,dcsun
11389,n646dr
14734,cgjrg
12377,n926rc
11392,n443ta
14735,n699db
14736,yrwnt
12379,n305za
11394,n605je
14738,n450s
12380,n929mm
14741,n768jj
11395,n626tm
12382,n620ng
14754,dikcg
14757,dijoa
11398,n901s
12384,n520df
14758,n61591
12385,n157pw
11399,n560sj
14760,n390jv
12386,fhmxl
11400,ohden
14762,n321ej
12387,n555lk
11401,ohjrd
14763,serkl
12388,xanic
11405,n306gv
14767,digwt
12389,n30vr
11406,n85vm
14768,xajtl
12391,n80em
11407,n221hj
14770,n20bd
11408,n8tg
14771,ohwww
12392,n275bs
14772,n631ka
11411,n688vm
14775,n420km
12393,n764xj
11412,sxcdy
14776,n617cb
12394,n217pt
11413,n236n
14777,phebr
12395,n502eg
11415,n48w
14779,n17tx
12396,lvikb
14781,n156re
11418,n138sp
12399,n740xj
11424,n356vc
14798,n888cs
12400,n36up
11426,n1245x
14799,n223tp
12401,odcxl
11428,n608sg
14800,n700na
12405,9hxoc
14802,n49dk
11432,n806de
14803,imdea
12406,cfsep
14804,n743wj
11433,n243jp
12412,cfyty
14805,n821ct
11434,n918am
12413,9hmfc
11435,n370rv
14807,dcpsh
12414,9hpro
11436,hk5107
14808,n80pt
12418,9hsal
11437,yrtrc
14809,n971mc
12421,9hiar
14810,gmato
11438,dierf
12422,cfwut
14811,n72ln
11443,p4kck
12423,9hdom
14812,n420kv
14816,okbee
11444,n133pe
14817,n992mg
12426,okbob
11447,n808ce
14819,n448gl
12429,seriv
11448,n790a
14821,n1624k
12430,fostb
11452,n950ra
14823,okdsj
12431,tcacn
11453,n1496b
14825,n560hx
12432,tcrsc
14827,n800hh
11454,n610tx
12435,n579mh
14828,sermc
11455,cgcfb
12438,lxmco
14829,n600ly
11457,n726xj
12440,daglo
14830,n251kd
11460,n586fd
12442,hbvaj
14832,iafoi
11463,n88aq
12443,n597rb
14834,vhpnm
11465,cftmi
14838,dcesa
12444,n924tg
11466,9hvik
14839,ob2088
12446,oeego
11467,9hbig
14840,n395mb
12449,n93cq
11468,9hvjt
14843,9hvcf
12453,n899fs
11469,9hvcq
14846,9hvju
12455,dfcyw
11473,a6orx
14851,cfbtr
12456,cgkiv
14852,n900eb
11475,4kaz888
14854,n755ap
12457,n611av
11476,ra02734
14855,n302tb
11477,prbls
12458,oynbs
14857,okptt
11478,oefxb
12459,n820fj
14858,n508kd
11479,vhoaa
12462,cgnlw
14860,n1103g
11481,ooelk
14863,n579m
12464,n624al
11488,n638gb
14864,n868dm
14869,n416jt
11489,n232cf
12465,n888wd
14870,n429lh
11497,oeibk
12469,oeloe
14871,n74tm
11500,dcnow
14873,cntkc
12471,n424tj
14874,n394ak
11501,lvhqc
14879,ejroxy
12472,oeged
11502,n535v
12474,cstfy
14883,n950jk
11503,omntn
14886,n66cl
12475,n721gk
14887,n314je
11504,n350k
12477,n489bm
14889,cgsjk
14891,oelha
11505,n173ml
12478,n5729m
14895,n525dp
11507,n90kc
14897,lzcva
12479,n909jc
14898,n990h
11508,n281qs
12482,n325wj
14899,n995lp
11514,dcicu
12489,n420hb
14900,oegxt
11515,dcsmc
14901,okphe
12494,n516n
11518,n900yg
14902,xauyq
12497,n505vj
11526,dcrtp
14906,xaaal
12501,n1600w
11527,ideum
14911,n900ds
14914,n211bd
12507,serdy
11528,n402hp
14920,n712ml
12511,n293tw
11529,n686rr
14921,diova
12513,n763db
11530,n880lt
14924,n713fl
12514,n518ja
11531,s5cet
14928,n391dt
14929,n243pg
12518,n555ad
11537,oeisx
14932,sernp
12519,didaz
11540,n431jd
14935,n168gg
12521,n328gv
11542,n578jg
14936,dchat
12524,dcdas
11544,n429ck
14937,gkelt
12526,n430e
14938,cgkgn
11546,n1776c
12528,cgzyx
14942,n34eh
12529,n317cq
14943,n650hj
11547,n716md
12531,n430am
14944,n699st
11554,n119je
14945,n360av
12532,ghapa
11557,xaues
14946,lvcpc
12534,prurs
11558,n605bx
14949,n320gv
12535,lxsab
11559,n59je
14953,n18td
12538,n2735j
14955,n222lx
11560,n50je
14956,n617mw
12539,gluso
14957,n680vm
11562,oheax
14958,ecmnh
12540,n145js
11565,n239st
14962,disar
14965,n32fj
12541,n75fp
11567,n560tw
14968,n719ss
12542,n515rp
11569,ooghe
14969,n530jw
12544,n347kc
14971,n712bh
11571,hbjfx
12545,n228sb
11574,n790z
14973,n120ft
12546,dbubi
14974,n417tm
12552,n765ms
11576,n895cc
14975,n525ve
11586,n310gv
14978,n560cf
12553,dahrn
11588,n800uw
14979,n143de
12554,spcez
11590,n625gn
14981,n700ds
11598,n361k
14982,n356bz
12555,n716ap
14984,tcssa
12559,dbavg
11601,n200jt
14990,n811ce
14991,n475cw
12561,n5481t
14994,n330pk
11603,n604rb
12562,n80pk
14995,n408fz
14996,n850pe
11604,n96pb
14997,n293ck
12564,lylta
14999,fgype
11605,n18gu
15001,n451ga
12566,n48wg
15003,n725sj
11607,n812jc
12567,n770jp
11609,n331ng
15005,gflyk
12568,n44ce
11610,lvfuk
15007,n700fj
12569,n750xj
11613,n1mm
15008,csdpv
12572,n138dm
15009,n130je
11624,n817tt
11625,n487ja
15010,n977gs
12574,n248la
11626,n116pj
12577,daifl
15011,n774xj
11627,n473fl
12580,oyinv
15014,n427dm
11628,n510gs
12581,n720xj
15018,gflyw
11632,n802q
12583,n402at
15023,9hvjw
11633,n404dp
15024,cftjp
12584,n654an
15030,n81dr
11634,n788js
15032,n51gj
12585,n402ct
11635,n502ab
15034,ohwil
12587,a7cei
15037,daccf
12589,9hvjv
11636,n242sd
15038,n947js
12590,9hvjr
15044,n72sg
11639,n626ct
15046,lyflt
12592,a7cge
15049,n755jg
11642,oeggg
12594,cfxwt
15050,n438e
11643,n269jh
12597,cfdos
15054,dcrog
12601,ooslm
15056,dcmsl
11644,vhint
15057,fglux
12603,n450fc
11646,oegll
15058,n196jh
12604,n759a
11647,n862lg
15059,n85gc
12606,n300ta
15060,n885gm
11654,a6rja
15061,t7sfg
12607,n602jc
11659,n545xr
15063,n501xp
12611,dcawp
15064,n752m
11662,hk4907
15066,serly
12612,n591ma
11664,gwzap
15067,n373ar
11665,oycrj
12622,xaoro
15068,n583aj
11666,n16pr
15072,n30te
12623,n619fb
11667,lvgvx
15077,oyllg
12624,n550fg
11671,n41gj
15079,gvtly
12625,digcs
11672,ohtfb
15081,n502vj
12626,n360m
11674,okozz
15082,n315je
12627,dimfe
15084,n402je
12629,dcscb
11675,n48pl
15085,lxjvc
11676,oelub
12630,oohrg
11677,dchic
15086,n941sp
12632,dilcg
11679,diheb
15087,oehcu
12634,n548xj
11680,n353va
15090,n651tw
12635,n338je
11681,n440ml
12637,ylvcr
15091,hbjfi
11682,n750cr
12638,n914eg
15092,n650mp
12640,n1327j
11685,n875sp
15096,n9273
12642,n2379t
11688,xaone
15097,n315hc
12643,n269gj
11690,hk5329
15098,n135sc
12644,n392mg
11694,oocla
15100,n401ht
12645,n669cs
11696,n10h
15103,n109ez
12646,n998rw
11697,n123kh
15106,n8850
12649,n506dj
11698,spmch
15107,n773lm
12651,n250pk
12653,n114ha
11700,yldam
15108,xafaf
12663,n858dd
11704,n818ez
15112,diego
12666,n188b
11705,diqqq
15114,n350hj
12670,n49kc
11707,dasim
15117,n595ab
12675,n407tc
12677,n154g
11709,fhjfp
15118,n784cc
12678,n923as
11710,hbvpx
15119,n156sb
12679,n56wz
11711,lvgtq
15120,n731ng
12681,n551ss
11712,n360fx
12683,n171am
11713,susml
12685,n9102
15121,n300rl
11714,vhiqr
12686,n757mc
15126,ejvais
11717,fhbpe
12687,yrtii
15128,n905lp
12704,n427gy
11720,n405js
15129,n17xr
12707,cgsxc
11721,n408js
12708,dcgbr
11723,n420dl
12709,n120cb
15131,n100wt
11725,n617bw
12710,n753rp
15132,n847gh
11727,n800kw
12713,n590cl
15134,n24sm
11728,n884sg
12714,ggaal
15136,n300gv
11729,n225ha
12715,n369ca
15139,n999tr
11730,lnstb
12717,n999my
15140,cgjlj
11731,dihkw
12722,n650dr
15143,n910dp
11733,n348dj
12723,n401lx
15145,ecjiu
11735,n547mp
11736,lxpca
12728,ecldk
15146,ptwzc
11738,dcsca
12730,n800pz
15149,diaaw
11739,n232ph
12733,n555hm
11740,n515ck
15151,dcapo
12734,n40vc
11743,s5ceg
15153,n140wh
12735,n290ps
11745,n444sc
15154,n96ce
12736,okvan
15155,gkolo
11746,n2461k
12740,n920jr
15158,cgzox
11747,n771de
12743,n313tt
11749,n280lj
15159,diaad
12744,n101mx
15160,n1114k
11752,n907ws
12745,n970bg
15161,n691dk
11753,n108rl
12746,fhlrs
15162,n720tm
11754,n310vz
12747,n30je
15163,n125le
11755,n705bb
12748,n753xj
11757,oegag
15165,n70ps
12752,n56gj
15169,n143ta
11758,n311jv
12753,oycch
15173,n800gf
11760,oopar
12755,9hvco
11761,n954sp
15175,cgtuf
12756,9hvij
11763,gosrl
15176,ecnqs
12759,9hasb
11766,n324sa
15180,okbzz
12760,cfbxl
11767,phgws
15183,n525ez
12764,9helf
11768,n406yc
15184,n971tb
12765,9hboo
15185,okkuk
11771,n345lc
12767,n273lp
15186,n238lm
11775,n314cm
12770,n950js
15188,eclqf
11779,n188cr
12771,cgcds
15191,n560pg
11782,lviyq
12774,oolmp
15192,n599ta
11783,lvjqw
12783,n800wf
11787,cgsxj
15195,n409mn
12791,n769xj
11789,n560vs
15199,n97ft
12792,escmk
11791,n315rc
15200,n239cd
12793,dcash
11792,n592cl
15201,n60ar
12794,n950sv
11793,gsirs
15205,n11am
12801,n817sd
11796,n41pm
15207,n400fj
12802,n1401l
15210,9hedt
11797,n820hb
12803,n428ss
15211,9hvcd
11798,n118mj
12807,gmegn
15225,ohwix
11799,n803ac
12810,n560rk
11803,n966cb
15226,n33ne
12811,n333qd
11804,n500lr
15227,n531aw
12812,cgdil
11808,oommt
15232,n554dg
11810,n83pw
15234,oehag
12813,n508xj
11814,fhijd
15239,oeigg
12815,n317n
11815,okobr
15241,n100kz
12817,dcaho
11816,lygvs
15242,vpcay
12818,dalin
11817,n600ca
15243,csdol
12819,dcozy
11823,n55ba
15246,n211ml
12820,etayw
11824,n7hj
15252,n52ng
12821,n601ej
11826,n76cd
15253,n358f
12822,n738rj
11827,lvbpo
15255,hi1065
12823,yupaa
15256,n176je
11829,cgglo
12828,n605tx
15260,n604av
11830,n805c
12829,n60gg
15261,n201xj
11832,oyrse
12830,n8228n
15262,n265ht
11833,n525du
12834,n944bb
15263,oelua
11837,n61ap
12837,n124mv
15266,t7bbs
11838,n247mx
15267,dcdcm
12839,n67je
11839,n750ck
15269,csdsg
12840,n307je
11840,cfawz
15270,n920ej
12843,oefmk
11841,9hvbg
15274,xajlj
12844,dcoga
11847,9hsnb
15277,diene
12845,n281h
11852,cflpb
15280,n106vp
12849,n45lv
11853,9huec
15281,n680g
12850,n404tc
11854,2swis
15288,n224cx
12851,tcalt
11855,vhscc
15290,daplc
12853,n510cn
11857,ppbru
15291,n740kd
12856,n46cv
11862,n758a
15293,n777wy
12861,n140wt
11863,n3908c
15297,sedzp
12862,n454aj
11865,oegtr
15298,n721ec
12864,n303wa
11866,ohwic
15300,n624gj
12870,vpcyt
11870,n571aw
15301,n305lx
12871,n577xw
11871,n67ma
15302,n403aa
12872,n488tk
11873,gsvnx
15304,n178mm
12874,n22em
11877,n808tc
12875,n305nc
11878,n1969c
12877,tckra
11881,eilsn
15309,n886ys
12881,fhpur
11882,dibea
15311,n4500x
12883,n191gh
11883,dipit
15312,n304gv
12884,n224mz
11884,n823kd
15313,n324gv
12885,n751aa
15314,n200ns
11885,n652ba
12889,n870cb
15315,n900lc
11887,n268cm
12891,n543ta
15316,espvp
11888,n190ja
12900,n506ba
15317,n525f
11889,n72ha
12901,n750fr
12903,n261pj
15318,n69dt
11891,lntrg
12908,okkin
15319,n54ha
11893,xacss
12909,n872bc
15320,n806km
11895,n702qv
12912,cxsca
15324,n707bm
12913,hbfzc
11896,digva
15328,n909bp
11899,n26je
12916,n5616
15330,lvcco
12917,n783xj
11902,n332dx
12918,n716xj
15331,ejscot
12920,n302cj
11908,n131rr
15333,n154mh
12921,n215bb
11911,n751sj
15334,n710mv
12930,n418dl
11912,n11hm
12931,dacde
15337,n372cz
11913,n213bk
15339,n16510
12932,diowa
11914,oegdr
15340,fgltk
12934,n332ar
11915,vpctt
12936,n372mz
15343,n906mc
12941,n990mf
11920,n725bs
15344,n3330m
11921,n424js
12942,9hvck
15346,n157xl
11923,n403js
12944,ccdae
15347,n830rr
11925,n22gr
12945,9hvtd
15354,cgcvs
11926,cgenl
12946,c6cay
11927,n989ab
15357,n513be
12947,cfcgf
12952,oefxm
11929,hbjor
15359,n550jp
12957,n591aw
11933,fhosp
15361,n561ab
12959,n473pc
11938,spzen
15362,n508ab
12960,n752wj
11939,n871fr
15363,hbjsc
12961,okbba
11941,cgfal
15365,gifmi
12962,n257eb
11944,n655mm
15366,fhxrg
12970,n24us
11946,n360vj
15368,n145ja
12972,xacos
11947,n549xj
15369,n935rk
12973,eclep
11948,n301je
15370,n772pp
12974,n220vp
11951,n411aj
15372,dcttt
12975,phsfg
12978,n35dm
11957,n850dp
15373,dimim
12982,n82jk
11958,hbvpo
15374,n794xj
12983,giasb
11959,n892tx
15375,n352dj
12988,xaynz
11960,n315jl
15376,n750ng
12991,n820jl
11964,n888wy
15377,n16bg
12992,n828sn
11966,n528mx
15379,9hvvp
12993,n604dr
12994,n645pm
11970,n505d
15380,a7cgf
12995,n799ag
11974,n651sf
15385,cfwxr
12996,n478cb
11976,n740ss
13003,lxmic
15387,cfjdq
11977,cgizx
13004,omyks
15388,cfsnc
13005,n881jh
15389,b652l
13006,n506r
11978,vpcyj
13007,n82hr
15390,c6jtt
11980,n928nj
13008,spvik
11982,n131yf
13009,n610cg
13019,n851eb
15391,oogpe
11986,n154jk
13020,spnvm
15396,n63wg
11988,n66m
13021,n982ec
15397,dchgs
13024,n650w
13027,n611at
11991,n789kg
15399,n143cb
13030,n337wr
11992,n154ea
13031,dilwp
15400,ra02793
11993,n825mt
15406,n552gr
13036,n644at
11995,n2333b
15407,n358td
13038,cgcaq
11997,fhmsg
15409,sxfdk
13040,n884bb
13043,n720mh
11998,dccca
15410,n573cm
13044,n570dc
12000,n876uc
15412,fhsas
13046,n685vm
13048,n551fp
12001,gsmsm
15414,n992ce
13049,oefgc
12007,n420fl
13050,n858cv
15415,xadln
13051,n523tw
12010,n330ap
15417,dbdca
13053,ditoc
13055,n175wa
12011,n106gk
15418,s5bbc
13056,n599gd
12012,n107av
15420,n486vc
13057,fhajd
13058,n1811s
12013,n156rk
15424,n176qf
13059,hayfj
12015,n135sm
15427,daaay
12016,ra67245
13061,n11cp
15429,n555dh
13063,n633pj
12017,n510ab
15430,n356n
13066,n401s
12018,n28ad
15431,n374n
13067,n450wc
12020,n220md
15432,n377n
13069,n579wa
12021,n26me
15433,n118dl
13070,fhgjf
12022,n525jn
13073,n866cb
15434,n550xj
13074,n560bg
12024,gshui
13075,spcit
15437,n225sb
13076,spdlv
12025,gcobn
15438,lxeos
13081,seltl
12028,n716av
15440,n458wb
13083,n42bg
12029,n137ws
15442,csdsf
13086,n850sx
12034,n765xj
15443,dciks
13089,n379r
12040,cfwyn
13090,n550th
15444,n229lh
13092,n780xj
12041,ccany
15445,n520fx
13095,vhnjc
13097,dipch
12042,9hwin
15446,n604pw
13098,n786cc
12043,9hwfc
15447,n851gv
13099,phajx
12044,a7cgg
15455,cgyqg
13101,n600ra
12045,9hkax
13105,n25mx
15461,n650gu
12047,9hlpz
13107,oyjsw
13108,4lvip
15463,n88mm
12050,9hgswan
13109,9hvjz
15466,dforh
12051,a7cee
13110,9hhansa
15467,n107cx
12052,4xcrz
13111,cfbqm
15470,s5ces
12053,9hfab
13115,9hyou
15474,n334us
12054,9hjca
13117,n107pt
15475,n190sa
13119,n284hs
12055,9hnyc
15476,n662js
13122,n794js
12056,9hcld
15477,n624my
13125,n765wt
12058,n492ft
13127,n329mc
15478,n53cv
13131,n323rr
12060,n403sl
15484,n75tg
13132,n3mr
12061,n555ne
13134,n390br
15487,n760ed
12072,okosk
13135,n891l
15489,n849tw
13136,dbeer
12073,n101jl
12074,hbivj
13137,dbfil
15490,n874c
13138,lvjiq
12077,n200wl
15492,n86np
13139,oywld
15493,n345fm
13140,sxaqg
15494,n850ux
13142,n468sp
15496,dbeam
13144,n771hm
13148,n989sf
15497,n546ad
13149,n269wr
15498,n1066w
13153,n55ea
15500,n389ra
13156,n278sc
15503,n35ct
13158,oyswo
13159,n108je
15504,n767wf
13161,lxlti
15505,fhstb
13163,fhted
13167,n804ac
15506,n458rm
13168,n842pa
13169,n995tx
15507,n217ec
13170,tcahl
13173,fhtmm
15512,cgggt
13175,n125dg
13179,n611bv
15513,n570rr
13182,n92cj
15515,n875dm
13183,n818lx
13186,oeith
15516,n125jj
13187,difis
13188,dcron
15517,n54yc
13189,n82bb
13191,n536xj
15519,ikrem
13192,n303je
13193,xauxx
15520,cgjcb
13194,n374pm
13195,n322ap
15525,n777lx
13197,n609rc
15526,n1226
13198,n198sb
13199,n527np
15529,n981am
13202,n10dh
15531,cgjet
13203,n906tr
13204,n720vm
13205,n188sf
15534,ra09604
13208,n719bh
13211,n116mb
15535,daldg
13212,n26bt
15538,n590cv
13214,n988cv
13217,gharg
15542,yusvj
13218,ecnoc
13219,fhsfn
15548,phcmw
13220,n338r
13223,n350hc
15549,n507wm
13224,n709cb
13225,n211pj
15551,n5861b
13226,n613kj
13227,n321ms
15557,n71hc
13228,n985cl
13229,okpmp
15558,n218je
13230,n390dp
13233,n744cb
15559,n5bc
13235,cgdwf
13236,gleax
13237,n91js
15560,n934cw
13238,n441bp
13241,n868pz
15563,n814st
13243,n261pw
13244,n510an
15564,n247cm
13248,n198hb
13254,n100fn
15565,n661wd
13255,n416at
13256,n74vw
15566,fhmut
13259,n812ll
13260,n516gh
15567,daccc
13261,n211dr
13267,n319fs
15569,cfowk
13269,n724sa
13270,dijkh
15571,9hrim
13271,n991fr
15572,9abti
13272,n170jc
13274,fhlrz
15573,9hvih
13276,9hvic
13277,9hkdr
15575,cfhns
13278,9hmac
15576,cfxxu
13279,9hvcl
15578,oowlp
13282,cfajc
15579,n111nb
13283,cfgge
15585,n451a
13284,9hare
13288,sxbky
13291,n750gm
15586,n953jf
13294,gjsns
13297,dawww
15589,fhyrl
13298,gvuyk
15594,n933jj
13299,n449am
15596,n622n
13300,tcsmy
13305,n151xl
15605,n467am
13307,n323se
15606,oeeha
13308,n939tw
15607,ppiva
13309,n356vj
13311,cgtuk
15610,n357n
13317,dcxls
15619,dawbf
13318,xawin
15621,gkion
13322,okmar
15622,diega
13324,dcetb
15623,dckvi
13325,n333lx
15624,ecjft
13326,n626nt
15626,n702nf
13329,n333bd
13331,n979dr
15627,n88ca
13332,n441qc
15632,n890tx
13334,vpcsy
13336,n751ed
15634,ra02794
13337,n142je
15636,diblu
13339,n5gf
13340,n808jg
15641,n656zm
13341,n59tf
13342,n367lj
15642,n8jw
13344,n7220j
15644,n950tr
13345,n355fa
13348,n416rj
15648,n52sm
13349,n56rj
15649,xadij
13350,n254sb
13351,n718jj
15650,n611mr
13358,daprs
15651,n59jn
13361,n560ad
13362,n65sq
15652,n640ak
13364,n48kz
15657,n537xj
13365,cseff
13366,fhecd
15658,n309je
13368,n725vm
15659,n479pf
13370,n202rl
13372,cgorn
15663,n480je
13373,n667jd
15664,n88af
13374,n690vm
13375,n70vm
15666,n64vm
13377,oegds
15668,n29by
13379,n700mv
13383,ejjmmm
15669,n360je
13384,n285ga
13385,n77sf
15670,n453je
13389,ooccj
15671,n516mc
13391,n379db
15672,n962mm
13396,csdos
13397,n204bg
15673,n732aa
13400,n5jm
13401,n539pe
15674,n132n
13402,n60rd
13405,spdom
15676,csdtr
13408,n223lm
15677,n581fl
13413,n955gh
13418,n1hs
15679,n314gv
13419,n459ma
15682,espvh
13422,n960js
15683,n483tw
13425,n772xj
13428,ccayy
15686,yrddn
13429,a6vgg
15689,n311ew
13431,a6cpc
13435,cfanj
15690,n474kc
13437,cfhrl
15691,n741ve
13438,cfbkd
13442,9hjoy
15692,n101je
13446,n227ns
15693,n100ve
13447,ohswi
15694,pktwx
13448,spzak
15696,n479lt
13451,oeixg
15697,n809ps
13455,eckpb
13458,n593jg
15701,n532lw
13461,oehgg
15702,n76ze
13462,hbjaz
13463,n580jh
15703,n719nk
13464,oeigp
15704,n770td
13465,sprio
15705,n3vj
13466,xaruv
13471,n576sc
15708,n960gr
13475,n535lb
15710,oosun
13476,n964gb
15711,n302rv
13478,n860cr
13479,n32je
15714,n178pt
13480,n320je
15715,n739s
13482,zspsa
15716,cgsfu
13484,n833jb
15717,n940va
13487,zsmig
15721,n506ab
13495,distp
15723,n899jf
13496,n800cu
15724,n31ra
13497,fhphx
15729,n719xj
13498,serlx
15731,n330gc
13502,dauke
15735,n286jr
13504,n955ps
15736,2rbts
16749,n208ar
16750,n4nu
16751,n805vc
16752,n58jn
16753,n530tm
16755,n676jb
16756,n348aj
16757,n456sm
16758,n332cg
16759,n198gs
16760,n90je
16761,n17nd
16762,ra10206
16763,ra10207
16764,ra11005
16765,ra67241
16766,ra73028
16768,damme
16769,dahrt
16771,dchow
16772,dipaa
16773,dimcj
16775,n874tx
16776,n900wt
16777,n335sj
16778,n103jl
16779,n744n
16780,n171ar
16782,n700sr
16783,n404hg
16784,n7gx
16785,n821pa
16786,n2050a
16787,9hfrm
16788,n44ma
16790,gulft
16792,n711p
16793,n31st
16795,n978ar
16796,ra73560
16797,ra02730
16798,ra02878
16799,ra02808
16800,ra02771
16802,lxvgf
16803,n1229c
16804,n32009
16805,n206q
16806,yluag
16807,ylonr
16808,ylion
16809,ylrex
16810,ylmgm
16812,n700wy
16813,n307ts
16815,okcaa
16826,n282ea
16827,oyasa
16830,eitvg
16832,a6rrj
16833,okpet
16834,n560xl
16836,cstrj
16837,cstce
16838,9htqp
16839,9hhfa
16840,9hhfh
16841,9hhfi
16842,9hhfj
16843,9hhfk
16844,9htqy
16845,9hsun
16846,9hsol
16847,9htqz
16848,cgpmv
16849,cffnk
16850,cgebh
16851,susmc
16852,cgnfn
16853,2hwdn
16854,2anvl
16855,2gggg
16858,2napa
16865,spgec
16866,lnmdt
16868,yrtrk
16869,yrtre
16870,n679ms
16871,n333bh
16872,n226hy
16873,lvbaw
16880,vpbbi
16881,4kjj888
16882,vpbbf
16884,oksls
16886,n516cj
16887,n362sm
16888,fhkmo
16889,n601wy
16890,lvcnq
16891,lvgqr
16892,dalex
16893,dapgs
16894,daxeo
16899,cccov
16900,ccaeh
16902,tcake
16906,tcinf
16907,dcaaf
16908,diali
16909,n910rb
16910,cfbwg
16911,cgrac
16912,cgfhg
16913,n284cp
16915,n503sv
16918,n650ga
16919,ejprln
16922,serij
16923,semhu
16924,sefne
16930,n550aj
16931,n575ew
16933,n352sr
16934,n102dz
16944,n682hs
16945,n631tj
16952,n803gj
16953,n495rs
16954,n8888h
16955,n888gj
16958,n365pt
16959,n804mc
16962,n77vg
16963,n972ms
16964,n901mj
16965,n1pu
16966,cgcga
16967,cggsg
16968,cfxwh
16974,n425dd
16977,n585ga
16978,dashy
16979,dcpav
16982,dcova
16983,dcsrm
16984,dibtc
16985,diblk
16986,dilou
16994,digrk
16995,dixxx
16996,dijlj
16997,dihvq
16998,dipod
16999,dirsb
17003,dipav
17005,cgnlk
17006,cgnln
17007,cgnla
17010,cgfcn
17011,cgnlq
17012,cggwx
17013,cfhnm
17014,n851cc
17015,n130ga
17016,n719sf
17017,sxmkg
17022,n702nw
17024,n579mc
17026,a6goa
17027,n316ca
17028,n793cj
17030,n818bd
17031,n41jd
17033,cfekb
17034,cgskb
17037,n900ly
17040,habes
17041,haycm
17042,haych
17043,habgq
17044,haefd
17045,hasvd
17046,hadik
17047,haskl
17048,habno
17049,habde
17050,habfw
17051,habgr
17052,habco
17055,haigs
17058,habat
17059,haslo
17068,n421js
17071,n440s
17072,n803mt
17073,n110pm
17074,n801mt
17076,n428s
17077,n407s
17080,n41sc
17081,pruni
17083,n511ws
17087,n820lb
17092,c6jtj
17093,c6tjj
17094,c6tjt
17095,c6ttj
17097,n560mt
17098,n477gj
17099,n299cw
17101,n500ct
17102,cgjcy
17105,sergx
17107,n150jm
17108,gyipy
17109,tfmyv
17110,n614af
17111,n441wf
17112,dcscr
17113,fhcic
17115,oeepm
17116,n777ss
17118,sellu
17119,vqtns
17122,oymen
17123,n383mv
17124,n351ac
17126,n2706a
17127,n242ml
17128,xagjc
17130,cfwaf
17132,t7alex
17133,t7alex2
17134,t7vsr
17135,t7alex1
17136,b655z
686568692037337088,t7ace
709850137299648512,p4136
16184,tclaa
16185,fhpbm
16186,9hlar
16187,hp18blm
16188,9haxo
16189,n616wg
16190,n110ws
16191,xabux
16192,dcolo
16193,n227al
16194,n191jb
16195,zsjps
16196,n3ee
16197,zszen
16198,lvgwz
16199,okokv
16200,okokl
16201,n52mg
16202,n79mg
16203,n92mg
16204,cgwyb
16205,oeitc
16206,gdxtr
16207,dibet
16208,summn
16209,n818wb
16210,n24zd
16211,pkelx
16212,n927ja
16213,t7vbs
16214,hssks
16215,vhpfa
16216,vhpfk
16217,vhpfs
16219,n826zf
16220,pkrjx
16221,hsslc
16224,pkvvs
16226,t7blq
16227,t7ymf
16228,vnb789
16229,vna299
16230,b8211
16231,b99988
16232,b99888
16233,b3299
16234,b3266
16237,b3935
16238,b105p
16239,b9429
16240,b10kk
16241,b3563
16242,oecnc
16243,oecrs
16244,oekal
16245,oekft
16246,oekmr
16247,oeems
16248,oegal
16251,hbfga
16253,ohtfa
16255,vhown
16256,vhmzm
16257,vhvlt
16258,vhofj
16259,vhlhu
16260,vhjgr
16261,vhjgs
16262,a6rjf
16263,n100up
16264,n604al
16267,n30hb
16269,n300sf
16270,n563bb
16272,n415ja
16274,n618lt
16276,n645sb
16277,n815sb
16278,n934sb
16279,n1980e
16280,n1980r
16283,n520g
16284,n555ph
16286,n889lv
16287,n889kh
16288,n889ah
16289,n867pp
16290,n433ca
16301,n560vm
16303,n923jl
16306,n800km
16307,n91ms
16314,n286mh
16315,n719jb
16319,n171tr
16320,cgcao
16321,n244v
16327,9ajse
16329,t7lxx
16330,vpcxx
16331,t7yxx
16333,t72xx
16335,n688hl
16336,n280gl
16337,okemz
16339,okart
16340,okadl
16342,okprm
16343,okbmm
16344,n347ws
16345,esglx
16348,n293lm
16349,oofsx
16350,9hyaa
16351,vhlep
16352,csdou
16353,zskdr
16355,zssgc
16357,gyfox
16358,t7tze
16359,zsfci
16360,zsact
16361,genrg
16362,zsexg
16363,t7emi
16364,oojid
16365,oolux
16366,oolxa
16367,oonsg
16368,oozun
16369,zstth
16370,dixon
16371,zsdfi
16373,zsngs
16374,zslrj
16375,zslmf
16376,zsaha
16377,zskat
16378,zsytb
16379,zsndl
16380,zsppg
16381,zstwp
16382,zspir
16383,zsers
16384,zskht
16385,zsnmz
16386,zsrvl
16387,zstlh
16388,zscjt
16389,zsftg
16390,zsasr
16391,zstej
16392,zscvu
16396,zsfhg
16397,zstwf
16398,zsofd
16399,zstla
16400,zsnkc
16401,zspch
16402,cntmh
16403,cntme
16404,xauup
16405,xaibc
16406,xaegd
16407,xbnxr
16408,xbnvn
16409,xbegd
16410,cgjcv
16416,fhfkd
16417,fhgsa
16418,fhjma
16419,fgpga
16420,fheme
16421,fhrex
16422,fhvlj
16423,fggga
16424,fhbmr
16425,fhgri
16426,fhgpg
16427,fhiva
16428,fhrib
16429,fhela
16430,fhafs
16431,fhfkf
16432,dcfar
16437,dchmd
16438,dislt
16449,dbeee
16450,dcoco
16451,dagov
16452,dihub
16453,degtd
16455,dechb
16457,gvpcm
16458,9hmgm
16459,gjnre
16460,9hbod
16461,oehlr
16467,oehhh
16470,oytwm
16471,oylpf
16472,oycsb
16473,p4999
16474,p4bfl
16475,p4bfk
16476,p4bfz
16481,serfh
16482,ejgabj
16484,fhbdx
16485,lxtcb
16486,p4hsj
16487,lxlfx
16488,p4mlo
16489,9hdina
16490,lycer
16491,p4cla
16492,p4787
16496,9hfive
16497,upem007
16498,uppc002
16499,vhbsm
16500,vhkfh
16501,vhlno
16502,vhksq
16503,vhkxl
16506,vhcsk
16507,vhpiy
16508,vhziy
16509,vhsuy
16510,vhsiy
16511,vhpuy
16514,hza4
16515,hza5
16516,hza15
16517,hza23
16518,hza8
16519,hza9
16522,fgjfa
16523,fgjfe
16524,fgpjd
16526,5yccb
16527,cnrbs
16528,vhzle
16529,vhzcn
16530,vhzcj
16531,vhovg
16532,vhovs
16534,vhprk
16536,vtbas
16538,vtcra
16540,vtmeg
16541,vtssk
16542,vtvra
16543,vtvrv
16545,vtjvv
16547,a6rts
16548,a6rdj
16550,dcuuu
16553,p2amh
16554,p2meh
16555,n914ld
16556,n207rw
16557,n365ea
16566,n659tx
16570,n611mm
16571,n265cw
16582,n620sy
16583,n779ar
16584,n1759c
16585,n1111p
16586,n756sj
16587,n602gj
16588,n500jj
16589,n905b
16590,n900em
16591,n728ql
16593,n372bc
16594,n271gl
16596,n226rs
16597,n888kl
16599,n31je
16600,n60je
16601,n421dd
16602,n488vc
16604,n73789
16605,n709ra
16608,n226cv
16609,n224de
16610,n850mj
16612,n511jc
16613,n808cs
16614,n425bv
16617,n512kr
16618,n227rr
16619,n604ls
16622,n645at
16623,n178am
16624,n103ml
16625,n901fp
16626,n993sa
16627,n800em
16628,n333rl
16629,n606rp
16630,n35lj
16631,n98wg
16632,n780w
16633,n280p
16635,n2900g
16636,n75gr
16637,n505wg
16638,n504wg
16640,n500wg
16642,n560pd
16643,n158ec
16644,n860ja
16646,n580ml
16647,n400xc
16649,n905fl
16650,n904fl
16651,n52jt
16652,n560jz
16655,n111cm
16656,n80ej
16657,n64fb
16660,n150jn
16661,n780re
16662,gswsd
16664,gxone
16666,n450fx
16667,n600fx
16668,n571fx
16669,n432fx
16672,n184tb
16673,n383t
16674,n28qb
16675,n350pr
16676,n125gh
16677,n650fj
16678,n521sb
16680,n707wb
16682,n7la
16683,n500pv
16684,n604fs
16685,n327tw
16686,n608st
16687,n525sm
16688,n2664f
16689,n8426g
16691,n174sk
16692,n518c
16693,n901wf
16694,n429rm
16697,n680sf
16698,n623hd
16699,n5379f
16700,n280s
16703,n369fg
16704,n204dd
16705,n80tf
16706,n83sp
16707,n724jl
16708,n86mw
16709,n325lf
16710,n855bb
16711,n14aq
16713,n197mj
16714,n207k
16715,n850ep
16717,n926cj
16718,n91cj
16719,n922jw
16720,n917pg
16722,cgrkb
16723,cfggh
16724,cgvtm
16725,cfjfw
16726,cgodb
16727,cfogt
16728,cgrub
16729,cfmix
16730,cfocl
16731,cfksf
16732,cfxga
16734,cfmcn
16735,cguiz
16736,cfeup
16738,cfwvr
16739,cgemb
16740,cglag
16741,cgpjj
16742,cfcgt
16743,cftqr
16744,cgydq
16747,cgdcg
16748,n281se
10003,5ncab
10006,5nbvg
10007,9hvjq
10008,9hili
10009,9hila
10010,9hvja
10011,b8250
10013,9hvfd
10014,b3077
10015,9hope
10016,9hvjo
10017,9hvfc
10018,9hvjy
10020,9hvjj
10021,9hvji
10022,b652q
10023,b652r
10024,9hmoon
10025,b652s
10026,9hvfg
10027,9hkim
10028,9hvfa
10029,9hvjn
10030,9hvff
10031,9hilz
10032,b8260
10033,9hvjk
10034,9hvfb
10035,9hvfi
10036,9hily
10037,9hvjp
10038,9hvjc
10039,b8255
10040,9hsfg
10041,9hlxx
10042,9hvjd
10043,b8259
10044,9hvjf
10045,9hiii
10046,9hvjm
10047,b1999
10048,9hvfe
10049,9hvfh
10050,9hilv
10051,9high
10052,9hvfj
10053,9hvje
10054,9hvjh
10055,9hvjg
10057,b8271
10058,9hvjl
10060,zssgu
10063,vhmxd
10065,vtfaf
10066,hsvip
10067,vtpop
10071,n214cs
10073,n819ap
10074,vhriu
10075,oeglc
10077,n899al
10078,n41dp
10079,oyold
10080,oelca
10083,vhvsk
10084,oyejd
10085,oyskk
10086,oehpg
10088,hsmed
10092,n32aa
10093,vhfjq
10096,dalik
10097,oolah
10103,vhexg
10105,phrme
10106,n610gw
10107,oyvik
10108,n948tx
10110,n11gj
10111,hza22
10113,n97vs
10114,n585vc
10116,n996ga
10117,upem022
10118,vhnqb
10120,n588tn
10121,n11gw
10122,zszim
10123,vhilj
10125,oyekc
10129,zkmft
10130,oegts
10132,n753a
10135,vhofx
10136,vhmxj
10137,vhccj
10140,zkvxm
10142,oygfs
10144,ppjfz
10145,fhftv
10148,hskcs
10150,phcgv
10154,zkrxd
10155,oefsr
10156,n770aw
10157,zklca
10159,p4bfv
10160,vhtjn
10162,oyrab
10163,n277xx
10167,ja04aa
10168,vtkbn
10170,oymgo
10173,n599tr
10176,vtauv
10177,t73338
10181,oypga
10184,upc8505
10185,hsemt
10187,cnsrl
10188,p4bfw
10190,upcl602
10191,vhzok
10192,vhvkx
10195,n352bh
10199,hscpa
10202,n77fk
10203,oydbs
10206,vhscr
10207,vtknb
10210,t7tia
10213,oyvlt
10214,zknxj
10215,oeink
10216,n588at
10217,zsdlb
10218,vhlym
10219,hsweh
10220,oydrw
10221,p4bfy
10222,zsmgs
10224,hscpg
10225,oyckk
10227,cnsra
10228,zspzu
10229,vhcrw
10231,n7dk
10235,vhurt
10239,zkydz
10240,oyrad
10241,zkplk
10243,n383dj
10244,zsnym
10248,zkpmj
10250,hscph
10252,oynew
10253,ja680c
10256,vhxbp
10257,vhfcs
10258,hsemg
10259,zsdex
10260,n606ps
10268,n550lc
10269,b8136
10271,9hvjx
10272,4kasg
10274,cftjc
10275,2team
10278,cfreq
10279,oehpl
10280,n824s
10282,n853cr
10293,lxsco
10296,n175mx
10297,n90rt
10304,lnjhh
10314,n777mv
10315,serlp
10316,n918eg
10319,n565cd
10320,n310je
10321,n18nm
10327,n20xp
10330,n881cc
10331,vtomm
10332,yrtro
10333,n222de
10334,n605dd
10337,n63ym
10338,n176us
10344,hk4499
10346,n111mt
10350,n505pj
10351,n547xj
10352,n578xj
10355,dcbbs
10358,n618jc
10362,n332av
10363,n772hm
10366,n518kh
10367,n530ld
10370,disja
10372,n463v
10373,n475tw
10375,n480vr
10376,n317mm
10379,n417nl
10380,ghnpn
10384,n60nf
10386,n610rw
10387,n667wj
10389,n425ev
10390,n445vl
10392,n622tp
10395,okhfh
10399,dietb
10400,n6207f
10402,csdot
10404,n858rm
10405,oorks
10406,n425lh
10407,cgnsc
10412,n510jn
10413,n247fs
10415,okkgr
10417,sptbf
10418,spook
10425,n557ab
10426,n521bu
10428,n1hc
10430,n42jj
10433,n301vr
10436,oyiuv
10437,n784xj
10439,n400rk
10440,n656sm
10441,p2jon
10443,oycbk
10444,9ajim
10445,9hvib
10446,cfpsv
10447,cfggf
10448,cfnvt
10449,c6tmm
10454,cfxaj
10465,n352ar
10467,n726bf
10468,n127vt
10469,n268pj
10470,n318mm
10473,gmlbc
10476,n1lf
10478,glist
10479,n283vc
10480,n427mj
10481,cgruu
10483,n163dk
10484,n509cq
10485,n560bm
10486,n408ls
10490,n978sh
10492,n384pc
10493,oegmd
10495,n74gg
10499,dcefo
10500,oehca
10501,cslpa
10502,lviwv
10503,n39av
10504,n710sc
10505,tclmz
10510,n787ty
10513,n296ja
10515,ohchf
10516,phsff
10519,n504vj
10520,n340je
10521,n732wb
10527,n742sp
10528,n71nf
10531,n346hg
10533,n937ra
10536,n780cb
10539,n904p
10540,n503kk
10544,n916gb
10550,n1vr
10554,pkelv
10563,fhfcs
10564,n726rf
10565,n319cf
10566,n333eh
10567,n562cl
10568,n80tz
10571,n422bc
10572,n632xl
10573,dcbay
10574,cgtrg
10575,n43ta
10576,n551st
10581,n1853
10583,n527jc
10584,dcjjk
10590,n280ph
10591,n761xp
10595,okbiz
10596,n400mx
10597,n81ra
10601,n980dm
10602,n805ft
10603,n790xj
10606,n560ml
10608,n579rs
10609,n90xr
10614,9hvcb
10615,9hvcc
10617,9hvid
10619,9hggg
10620,9hitw
10621,9hazza
10626,n881re
10628,okast
10629,n826ac
10631,n298al
10634,lxice
10636,lzjet
10637,n585dm
10644,n803ag
10646,n174b
10648,p4baa
10649,n415ma
10650,okesc
10653,n328n
10654,n807n
10656,n501vj
10657,yldan
10661,fhshu
10662,n33kf
10663,n47ng
10664,n78bq
10665,n988jc
10666,tcknk
10667,vtcmr
10668,yugin
10669,oefvj
10671,phjrc
10673,n68005
10682,n823hm
10685,oheau
10686,n357vj
10687,n192je
10688,n60ck
10691,dclub
10692,xahny
10698,difrt
10699,n655md
10700,n553bw
10701,n329tl
10703,n497pf
10704,n270pr
10705,n190je
10706,n97kl
10710,n312ma
10712,n600gf
10713,n88gd
10714,n848tw
10717,n312gv
10718,n285sa
10719,n43gv
10721,n300cw
10722,fgpnj
10724,dacev
10726,dauwe
10727,n3mh
10733,lychf
10734,n150km
10735,n68889
10740,n583sd
10741,n887js
10743,gtuli
14197,n122vr
10747,vtbaf
10748,vttri
10753,n1904w
10756,vtsrc
10758,n817bz
10762,ra09617
10764,n504ab
10765,n82em
10766,n772hp
